project,period,minimum_cumulative_new_build_mw,maximum_cumulative_new_build_mw,minimum_cumulative_new_build_mwh,maximum_cumulative_new_build_mwh
CAISO_Advanced_CCGT,2020,0,0,,
CAISO_Advanced_CCGT,2021,0,0,,
CAISO_Advanced_CCGT,2022,0,0,,
CAISO_Advanced_CCGT,2023,0,0,,
CAISO_Advanced_CCGT,2024,0,0,,
CAISO_Advanced_CCGT,2026,0,99999,,
CAISO_Advanced_CCGT,2030,0,99999,,
CAISO_Advanced_CCGT,2045,0,99999,,
CAISO_Aero_CT,2020,0,0,,
CAISO_Aero_CT,2021,0,0,,
CAISO_Aero_CT,2022,0,0,,
CAISO_Aero_CT,2023,0,0,,
CAISO_Aero_CT,2024,0,0,,
CAISO_Aero_CT,2026,0,99999,,
CAISO_Aero_CT,2030,0,99999,,
CAISO_Aero_CT,2045,0,99999,,
CAISO_Reciprocating_Engine,2020,0,255.301,,
CAISO_Reciprocating_Engine,2021,0,255.301,,
CAISO_Reciprocating_Engine,2022,0,255.301,,
CAISO_Reciprocating_Engine,2023,0,255.301,,
CAISO_Reciprocating_Engine,2024,0,255.301,,
CAISO_Reciprocating_Engine,2026,0,99999,,
CAISO_Reciprocating_Engine,2030,0,99999,,
CAISO_Reciprocating_Engine,2045,0,99999,,
InState_Biomass,2020,0,1146.852987,,
InState_Biomass,2021,0,1146.852987,,
InState_Biomass,2022,0,1146.852987,,
InState_Biomass,2023,0,1146.852987,,
InState_Biomass,2024,0,1146.852987,,
InState_Biomass,2026,0,1146.852987,,
InState_Biomass,2030,0,1146.852987,,
InState_Biomass,2045,0,1146.852987,,
Greater_Imperial_Geothermal,2020,0,0,,
Greater_Imperial_Geothermal,2021,0,0,,
Greater_Imperial_Geothermal,2022,0,0,,
Greater_Imperial_Geothermal,2023,0,0,,
Greater_Imperial_Geothermal,2024,0,1352.1,,
Greater_Imperial_Geothermal,2026,0,1352.1,,
Greater_Imperial_Geothermal,2030,0,1352.1,,
Greater_Imperial_Geothermal,2045,0,1352.1,,
Inyokern_North_Kramer_Geothermal,2020,0,0,,
Inyokern_North_Kramer_Geothermal,2021,0,0,,
Inyokern_North_Kramer_Geothermal,2022,0,0,,
Inyokern_North_Kramer_Geothermal,2023,0,0,,
Inyokern_North_Kramer_Geothermal,2024,0,24,,
Inyokern_North_Kramer_Geothermal,2026,0,24,,
Inyokern_North_Kramer_Geothermal,2030,0,24,,
Inyokern_North_Kramer_Geothermal,2045,0,24,,
Northern_California_Ex_Geothermal,2020,0,0,,
Northern_California_Ex_Geothermal,2021,0,0,,
Northern_California_Ex_Geothermal,2022,0,0,,
Northern_California_Ex_Geothermal,2023,0,0,,
Northern_California_Ex_Geothermal,2024,0,469,,
Northern_California_Ex_Geothermal,2026,0,469,,
Northern_California_Ex_Geothermal,2030,0,469,,
Northern_California_Ex_Geothermal,2045,0,469,,
Riverside_Palm_Springs_Geothermal,2020,0,0,,
Riverside_Palm_Springs_Geothermal,2021,0,0,,
Riverside_Palm_Springs_Geothermal,2022,0,0,,
Riverside_Palm_Springs_Geothermal,2023,0,0,,
Riverside_Palm_Springs_Geothermal,2024,0,32,,
Riverside_Palm_Springs_Geothermal,2026,0,32,,
Riverside_Palm_Springs_Geothermal,2030,0,32,,
Riverside_Palm_Springs_Geothermal,2045,0,32,,
Solano_Geothermal,2020,0,0,,
Solano_Geothermal,2021,0,0,,
Solano_Geothermal,2022,0,0,,
Solano_Geothermal,2023,0,0,,
Solano_Geothermal,2024,0,135,,
Solano_Geothermal,2026,0,135,,
Solano_Geothermal,2030,0,135,,
Solano_Geothermal,2045,0,135,,
Southern_Nevada_Geothermal,2020,0,0,,
Southern_Nevada_Geothermal,2021,0,0,,
Southern_Nevada_Geothermal,2022,0,0,,
Southern_Nevada_Geothermal,2023,0,0,,
Southern_Nevada_Geothermal,2024,0,320,,
Southern_Nevada_Geothermal,2026,0,320,,
Southern_Nevada_Geothermal,2030,0,320,,
Southern_Nevada_Geothermal,2045,0,320,,
Carrizo_Solar,2020,0,9907,,
Carrizo_Solar,2021,0,9907,,
Carrizo_Solar,2022,0,9907,,
Carrizo_Solar,2023,0,9907,,
Carrizo_Solar,2024,0,9907,,
Carrizo_Solar,2026,0,9907,,
Carrizo_Solar,2030,0,9907,,
Carrizo_Solar,2045,0,9907,,
Carrizo_Wind,2020,0,0,,
Carrizo_Wind,2021,0,0,,
Carrizo_Wind,2022,0,0,,
Carrizo_Wind,2023,0,287,,
Carrizo_Wind,2024,0,287,,
Carrizo_Wind,2026,0,287,,
Carrizo_Wind,2030,0,287,,
Carrizo_Wind,2045,0,287,,
Central_Valley_North_Los_Banos_Solar,2020,0,12872.7,,
Central_Valley_North_Los_Banos_Solar,2021,0,12872.7,,
Central_Valley_North_Los_Banos_Solar,2022,0,12872.7,,
Central_Valley_North_Los_Banos_Solar,2023,0,12872.7,,
Central_Valley_North_Los_Banos_Solar,2024,0,12872.7,,
Central_Valley_North_Los_Banos_Solar,2026,0,12872.7,,
Central_Valley_North_Los_Banos_Solar,2030,0,12872.7,,
Central_Valley_North_Los_Banos_Solar,2045,0,12872.7,,
Central_Valley_North_Los_Banos_Wind,2020,0,0,,
Central_Valley_North_Los_Banos_Wind,2021,0,0,,
Central_Valley_North_Los_Banos_Wind,2022,0,173,,
Central_Valley_North_Los_Banos_Wind,2023,0,173,,
Central_Valley_North_Los_Banos_Wind,2024,0,173,,
Central_Valley_North_Los_Banos_Wind,2026,0,173,,
Central_Valley_North_Los_Banos_Wind,2030,0,173,,
Central_Valley_North_Los_Banos_Wind,2045,0,173,,
Distributed_Solar,2020,0,26777.64552,,
Distributed_Solar,2021,0,25468.13804,,
Distributed_Solar,2022,0,24320.69224,,
Distributed_Solar,2023,0,23301.91762,,
Distributed_Solar,2024,0,22316.72774,,
Distributed_Solar,2026,0,20449.44521,,
Distributed_Solar,2030,0,16538.92634,,
Distributed_Solar,2045,0,1747.289962,,
Mountain_Pass_El_Dorado_Solar,2020,0,248,,
Mountain_Pass_El_Dorado_Solar,2021,0,248,,
Mountain_Pass_El_Dorado_Solar,2022,0,248,,
Mountain_Pass_El_Dorado_Solar,2023,0,248,,
Mountain_Pass_El_Dorado_Solar,2024,0,248,,
Mountain_Pass_El_Dorado_Solar,2026,0,248,,
Mountain_Pass_El_Dorado_Solar,2030,0,248,,
Mountain_Pass_El_Dorado_Solar,2045,0,248,,
Greater_Imperial_Solar,2020,0,35216.08,,
Greater_Imperial_Solar,2021,0,35216.08,,
Greater_Imperial_Solar,2022,0,35216.08,,
Greater_Imperial_Solar,2023,0,35216.08,,
Greater_Imperial_Solar,2024,0,35216.08,,
Greater_Imperial_Solar,2026,0,35216.08,,
Greater_Imperial_Solar,2030,0,35216.08,,
Greater_Imperial_Solar,2045,0,35216.08,,
Greater_Imperial_Wind,2020,0,0,,
Greater_Imperial_Wind,2021,0,0,,
Greater_Imperial_Wind,2022,0,0,,
Greater_Imperial_Wind,2023,0,0,,
Greater_Imperial_Wind,2024,0,0,,
Greater_Imperial_Wind,2026,0,0,,
Greater_Imperial_Wind,2030,0,0,,
Greater_Imperial_Wind,2045,0,0,,
Greater_Kramer_Wind,2020,0,0,,
Greater_Kramer_Wind,2021,0,0,,
Greater_Kramer_Wind,2022,0,0,,
Greater_Kramer_Wind,2023,0,0,,
Greater_Kramer_Wind,2024,0,0,,
Greater_Kramer_Wind,2026,0,0,,
Greater_Kramer_Wind,2030,0,0,,
Greater_Kramer_Wind,2045,0,0,,
Humboldt_Wind,2020,0,0,,
Humboldt_Wind,2021,0,34,,
Humboldt_Wind,2022,0,34,,
Humboldt_Wind,2023,0,34,,
Humboldt_Wind,2024,0,34,,
Humboldt_Wind,2026,0,34,,
Humboldt_Wind,2030,0,34,,
Humboldt_Wind,2045,0,34,,
Inyokern_North_Kramer_Solar,2020,0,23653,,
Inyokern_North_Kramer_Solar,2021,0,23653,,
Inyokern_North_Kramer_Solar,2022,0,23653,,
Inyokern_North_Kramer_Solar,2023,0,23653,,
Inyokern_North_Kramer_Solar,2024,0,23653,,
Inyokern_North_Kramer_Solar,2026,0,23653,,
Inyokern_North_Kramer_Solar,2030,0,23653,,
Inyokern_North_Kramer_Solar,2045,0,23653,,
Kern_Greater_Carrizo_Solar,2020,0,8329,,
Kern_Greater_Carrizo_Solar,2021,0,8329,,
Kern_Greater_Carrizo_Solar,2022,0,8329,,
Kern_Greater_Carrizo_Solar,2023,0,8329,,
Kern_Greater_Carrizo_Solar,2024,0,8329,,
Kern_Greater_Carrizo_Solar,2026,0,8329,,
Kern_Greater_Carrizo_Solar,2030,0,8329,,
Kern_Greater_Carrizo_Solar,2045,0,8329,,
Kern_Greater_Carrizo_Wind,2020,0,0,,
Kern_Greater_Carrizo_Wind,2021,0,0,,
Kern_Greater_Carrizo_Wind,2022,0,60,,
Kern_Greater_Carrizo_Wind,2023,0,60,,
Kern_Greater_Carrizo_Wind,2024,0,60,,
Kern_Greater_Carrizo_Wind,2026,0,60,,
Kern_Greater_Carrizo_Wind,2030,0,60,,
Kern_Greater_Carrizo_Wind,2045,0,60,,
Kramer_Inyokern_Ex_Solar,2020,0,4508,,
Kramer_Inyokern_Ex_Solar,2021,0,4508,,
Kramer_Inyokern_Ex_Solar,2022,0,4508,,
Kramer_Inyokern_Ex_Solar,2023,0,4508,,
Kramer_Inyokern_Ex_Solar,2024,0,4508,,
Kramer_Inyokern_Ex_Solar,2026,0,4508,,
Kramer_Inyokern_Ex_Solar,2030,0,4508,,
Kramer_Inyokern_Ex_Solar,2045,0,4508,,
Kramer_Inyokern_Ex_Wind,2020,0,0,,
Kramer_Inyokern_Ex_Wind,2021,0,0,,
Kramer_Inyokern_Ex_Wind,2022,0,0,,
Kramer_Inyokern_Ex_Wind,2023,0,0,,
Kramer_Inyokern_Ex_Wind,2024,0,0,,
Kramer_Inyokern_Ex_Wind,2026,0,0,,
Kramer_Inyokern_Ex_Wind,2030,0,0,,
Kramer_Inyokern_Ex_Wind,2045,0,0,,
North_Victor_Solar,2020,0,4608,,
North_Victor_Solar,2021,0,4608,,
North_Victor_Solar,2022,0,4608,,
North_Victor_Solar,2023,0,4608,,
North_Victor_Solar,2024,0,4608,,
North_Victor_Solar,2026,0,4608,,
North_Victor_Solar,2030,0,4608,,
North_Victor_Solar,2045,0,4608,,
Northern_California_Ex_Solar,2020,0,41532,,
Northern_California_Ex_Solar,2021,0,41532,,
Northern_California_Ex_Solar,2022,0,41532,,
Northern_California_Ex_Solar,2023,0,41532,,
Northern_California_Ex_Solar,2024,0,41532,,
Northern_California_Ex_Solar,2026,0,41532,,
Northern_California_Ex_Solar,2030,0,41532,,
Northern_California_Ex_Solar,2045,0,41532,,
Northern_California_Ex_Wind,2020,0,0,,
Northern_California_Ex_Wind,2021,0,0,,
Northern_California_Ex_Wind,2022,0,865.9,,
Northern_California_Ex_Wind,2023,0,865.9,,
Northern_California_Ex_Wind,2024,0,865.9,,
Northern_California_Ex_Wind,2026,0,865.9,,
Northern_California_Ex_Wind,2030,0,865.9,,
Northern_California_Ex_Wind,2045,0,865.9,,
NW_Ext_Tx_Wind,2020,0,0,,
NW_Ext_Tx_Wind,2021,0,0,,
NW_Ext_Tx_Wind,2022,0,1500,,
NW_Ext_Tx_Wind,2023,0,1500,,
NW_Ext_Tx_Wind,2024,0,1500,,
NW_Ext_Tx_Wind,2026,0,1500,,
NW_Ext_Tx_Wind,2030,0,1500,,
NW_Ext_Tx_Wind,2045,0,1500,,
Riverside_Palm_Springs_Solar,2020,0,57071,,
Riverside_Palm_Springs_Solar,2021,0,57071,,
Riverside_Palm_Springs_Solar,2022,0,57071,,
Riverside_Palm_Springs_Solar,2023,0,57071,,
Riverside_Palm_Springs_Solar,2024,0,57071,,
Riverside_Palm_Springs_Solar,2026,0,57071,,
Riverside_Palm_Springs_Solar,2030,0,57071,,
Riverside_Palm_Springs_Solar,2045,0,57071,,
Sacramento_River_Solar,2020,0,23484,,
Sacramento_River_Solar,2021,0,23484,,
Sacramento_River_Solar,2022,0,23484,,
Sacramento_River_Solar,2023,0,23484,,
Sacramento_River_Solar,2024,0,23484,,
Sacramento_River_Solar,2026,0,23484,,
Sacramento_River_Solar,2030,0,23484,,
Sacramento_River_Solar,2045,0,23484,,
SCADSNV_Solar,2020,0,5608,,
SCADSNV_Solar,2021,0,5608,,
SCADSNV_Solar,2022,0,5608,,
SCADSNV_Solar,2023,0,5608,,
SCADSNV_Solar,2024,0,5608,,
SCADSNV_Solar,2026,0,5608,,
SCADSNV_Solar,2030,0,5608,,
SCADSNV_Solar,2045,0,5608,,
SCADSNV_Wind,2020,0,0,,
SCADSNV_Wind,2021,0,0,,
SCADSNV_Wind,2022,0,0,,
SCADSNV_Wind,2023,0,0,,
SCADSNV_Wind,2024,0,0,,
SCADSNV_Wind,2026,0,0,,
SCADSNV_Wind,2030,0,0,,
SCADSNV_Wind,2045,0,0,,
Solano_Solar,2020,0,12025.06583,,
Solano_Solar,2021,0,12025.06583,,
Solano_Solar,2022,0,12025.06583,,
Solano_Solar,2023,0,12025.06583,,
Solano_Solar,2024,0,12025.06583,,
Solano_Solar,2026,0,12025.06583,,
Solano_Solar,2030,0,12025.06583,,
Solano_Solar,2045,0,12025.06583,,
Solano_subzone_Solar,2020,0,0,,
Solano_subzone_Solar,2021,0,0,,
Solano_subzone_Solar,2022,0,0,,
Solano_subzone_Solar,2023,0,0,,
Solano_subzone_Solar,2024,0,0,,
Solano_subzone_Solar,2026,0,0,,
Solano_subzone_Solar,2030,0,0,,
Solano_subzone_Solar,2045,0,0,,
Solano_subzone_Wind,2020,0,0,,
Solano_subzone_Wind,2021,0,0,,
Solano_subzone_Wind,2022,0,18,,
Solano_subzone_Wind,2023,0,18,,
Solano_subzone_Wind,2024,0,18,,
Solano_subzone_Wind,2026,0,18,,
Solano_subzone_Wind,2030,0,18,,
Solano_subzone_Wind,2045,0,18,,
Solano_Wind,2020,0,0,,
Solano_Wind,2021,0,0,,
Solano_Wind,2022,0,542,,
Solano_Wind,2023,0,542,,
Solano_Wind,2024,0,542,,
Solano_Wind,2026,0,542,,
Solano_Wind,2030,0,542,,
Solano_Wind,2045,0,542,,
Southern_California_Desert_Ex_Solar,2020,0,43713.40269,,
Southern_California_Desert_Ex_Solar,2021,0,43713.40269,,
Southern_California_Desert_Ex_Solar,2022,0,43713.40269,,
Southern_California_Desert_Ex_Solar,2023,0,43713.40269,,
Southern_California_Desert_Ex_Solar,2024,0,43713.40269,,
Southern_California_Desert_Ex_Solar,2026,0,43713.40269,,
Southern_California_Desert_Ex_Solar,2030,0,43713.40269,,
Southern_California_Desert_Ex_Solar,2045,0,43713.40269,,
Southern_California_Desert_Ex_Wind,2020,0,0,,
Southern_California_Desert_Ex_Wind,2021,0,0,,
Southern_California_Desert_Ex_Wind,2022,0,0,,
Southern_California_Desert_Ex_Wind,2023,0,0,,
Southern_California_Desert_Ex_Wind,2024,0,0,,
Southern_California_Desert_Ex_Wind,2026,0,0,,
Southern_California_Desert_Ex_Wind,2030,0,0,,
Southern_California_Desert_Ex_Wind,2045,0,0,,
Southern_Nevada_Solar,2020,0,148600,,
Southern_Nevada_Solar,2021,0,148600,,
Southern_Nevada_Solar,2022,0,148600,,
Southern_Nevada_Solar,2023,0,148600,,
Southern_Nevada_Solar,2024,0,148600,,
Southern_Nevada_Solar,2026,0,148600,,
Southern_Nevada_Solar,2030,0,148600,,
Southern_Nevada_Solar,2045,0,148600,,
Southern_Nevada_Wind,2020,0,0,,
Southern_Nevada_Wind,2021,0,0,,
Southern_Nevada_Wind,2022,0,442.034565,,
Southern_Nevada_Wind,2023,0,442.034565,,
Southern_Nevada_Wind,2024,0,442.034565,,
Southern_Nevada_Wind,2026,0,442.034565,,
Southern_Nevada_Wind,2030,0,442.034565,,
Southern_Nevada_Wind,2045,0,442.034565,,
SW_Ext_Tx_Wind,2020,0,0,,
SW_Ext_Tx_Wind,2021,0,0,,
SW_Ext_Tx_Wind,2022,0,500,,
SW_Ext_Tx_Wind,2023,0,500,,
SW_Ext_Tx_Wind,2024,0,500,,
SW_Ext_Tx_Wind,2026,0,500,,
SW_Ext_Tx_Wind,2030,0,500,,
SW_Ext_Tx_Wind,2045,0,500,,
Tehachapi_Ex_Solar,2020,0,1488,,
Tehachapi_Ex_Solar,2021,0,1488,,
Tehachapi_Ex_Solar,2022,0,1488,,
Tehachapi_Ex_Solar,2023,0,1488,,
Tehachapi_Ex_Solar,2024,0,1488,,
Tehachapi_Ex_Solar,2026,0,1488,,
Tehachapi_Ex_Solar,2030,0,1488,,
Tehachapi_Ex_Solar,2045,0,1488,,
Tehachapi_Solar,2020,0,4801,,
Tehachapi_Solar,2021,0,4801,,
Tehachapi_Solar,2022,0,4801,,
Tehachapi_Solar,2023,0,4801,,
Tehachapi_Solar,2024,0,4801,,
Tehachapi_Solar,2026,0,4801,,
Tehachapi_Solar,2030,0,4801,,
Tehachapi_Solar,2045,0,4801,,
Tehachapi_Wind,2020,0,0,,
Tehachapi_Wind,2021,0,0,,
Tehachapi_Wind,2022,0,275,,
Tehachapi_Wind,2023,0,275,,
Tehachapi_Wind,2024,0,275,,
Tehachapi_Wind,2026,0,275,,
Tehachapi_Wind,2030,0,275,,
Tehachapi_Wind,2045,0,275,,
Westlands_Ex_Solar,2020,0,4404,,
Westlands_Ex_Solar,2021,0,4404,,
Westlands_Ex_Solar,2022,0,4404,,
Westlands_Ex_Solar,2023,0,4404,,
Westlands_Ex_Solar,2024,0,4404,,
Westlands_Ex_Solar,2026,0,4404,,
Westlands_Ex_Solar,2030,0,4404,,
Westlands_Ex_Solar,2045,0,4404,,
Westlands_Solar,2020,0,56150.5,,
Westlands_Solar,2021,0,56150.5,,
Westlands_Solar,2022,0,56150.5,,
Westlands_Solar,2023,0,56150.5,,
Westlands_Solar,2024,0,56150.5,,
Westlands_Solar,2026,0,56150.5,,
Westlands_Solar,2030,0,56150.5,,
Westlands_Solar,2045,0,56150.5,,
Arizona_Solar,2020,0,77080,,
Arizona_Solar,2021,0,77080,,
Arizona_Solar,2022,0,77080,,
Arizona_Solar,2023,0,77080,,
Arizona_Solar,2024,0,77080,,
Arizona_Solar,2026,0,77080,,
Arizona_Solar,2030,0,77080,,
Arizona_Solar,2045,0,77080,,
Baja_California_Wind,2020,0,0,,
Baja_California_Wind,2021,0,0,,
Baja_California_Wind,2022,0,0,,
Baja_California_Wind,2023,0,0,,
Baja_California_Wind,2024,0,600,,
Baja_California_Wind,2026,0,600,,
Baja_California_Wind,2030,0,600,,
Baja_California_Wind,2045,0,600,,
New_Mexico_Wind,2020,0,0,,
New_Mexico_Wind,2021,0,0,,
New_Mexico_Wind,2022,0,0,,
New_Mexico_Wind,2023,0,0,,
New_Mexico_Wind,2024,0,0,,
New_Mexico_Wind,2026,0,1500,,
New_Mexico_Wind,2030,0,1500,,
New_Mexico_Wind,2045,0,1500,,
Wyoming_Wind,2020,0,0,,
Wyoming_Wind,2021,0,0,,
Wyoming_Wind,2022,0,0,,
Wyoming_Wind,2023,0,0,,
Wyoming_Wind,2024,0,0,,
Wyoming_Wind,2026,0,1500,,
Wyoming_Wind,2030,0,1500,,
Wyoming_Wind,2045,0,1500,,
CAISO_New_Pumped_Storage,2020,0,0,,
CAISO_New_Pumped_Storage,2021,0,0,,
CAISO_New_Pumped_Storage,2022,0,0,,
CAISO_New_Pumped_Storage,2023,0,0,,
CAISO_New_Pumped_Storage,2024,0,0,,
CAISO_New_Pumped_Storage,2026,0,4000,,
CAISO_New_Pumped_Storage,2030,0,4000,,
CAISO_New_Pumped_Storage,2045,0,4000,,
CAISO_New_Flow_Battery,2020,0,5806.147352,,
CAISO_New_Flow_Battery,2021,0,5470.197386,,
CAISO_New_Flow_Battery,2022,0,5391.372221,,
CAISO_New_Flow_Battery,2023,0,5258.016134,,
CAISO_New_Flow_Battery,2024,0,5168.132687,,
CAISO_New_Flow_Battery,2026,0,5140.747463,,
CAISO_New_Flow_Battery,2030,0,5035.694863,,
CAISO_New_Flow_Battery,2045,0,6183.85127,,
CAISO_New_Flow_Battery_2,2020,0,4985.96755,,
CAISO_New_Flow_Battery_2,2021,0,5037.150438,,
CAISO_New_Flow_Battery_2,2022,0,5086.71578,,
CAISO_New_Flow_Battery_2,2023,0,5118.770028,,
CAISO_New_Flow_Battery_2,2024,0,5143.569095,,
CAISO_New_Flow_Battery_2,2026,0,5181.478465,,
CAISO_New_Flow_Battery_2,2030,0,5222.177017,,
CAISO_New_Flow_Battery_2,2045,0,6024.121029,,
CAISO_New_Flow_Battery_3,2020,0,7465.928298,,
CAISO_New_Flow_Battery_3,2021,0,7542.568943,,
CAISO_New_Flow_Battery_3,2022,0,7616.787495,,
CAISO_New_Flow_Battery_3,2023,0,7664.785142,,
CAISO_New_Flow_Battery_3,2024,0,7701.91897,,
CAISO_New_Flow_Battery_3,2026,0,7758.684009,,
CAISO_New_Flow_Battery_3,2030,0,7819.625534,,
CAISO_New_Flow_Battery_3,2045,0,9020.446925,,
CAISO_New_Flow_Battery_4,2020,0,4897.596872,,
CAISO_New_Flow_Battery_4,2021,0,4947.872601,,
CAISO_New_Flow_Battery_4,2022,0,4996.559453,,
CAISO_New_Flow_Battery_4,2023,0,5028.045575,,
CAISO_New_Flow_Battery_4,2024,0,5052.405107,,
CAISO_New_Flow_Battery_4,2026,0,5089.642576,,
CAISO_New_Flow_Battery_4,2030,0,5129.619791,,
CAISO_New_Flow_Battery_4,2045,0,5917.350246,,
CAISO_New_Flow_Battery_5,2020,0,,,
CAISO_New_Flow_Battery_5,2021,0,,,
CAISO_New_Flow_Battery_5,2022,0,,,
CAISO_New_Flow_Battery_5,2023,0,,,
CAISO_New_Flow_Battery_5,2024,0,,,
CAISO_New_Flow_Battery_5,2026,0,,,
CAISO_New_Flow_Battery_5,2030,0,,,
CAISO_New_Flow_Battery_5,2045,0,,,
CAISO_New_Li_Battery,2020,971.35,6777.497352,2914.05,
CAISO_New_Li_Battery,2021,1321.85,6792.047386,3965.55,
CAISO_New_Li_Battery,2022,1420.183333,6811.555555,4260.55,
CAISO_New_Li_Battery,2023,1543.516667,6801.532801,4630.55,
CAISO_New_Li_Battery,2024,1617.45,6785.582687,4852.35,
CAISO_New_Li_Battery,2026,1617.45,6758.197463,4852.35,
CAISO_New_Li_Battery,2030,1617.45,6653.144863,4852.35,
CAISO_New_Li_Battery,2045,1617.45,7801.30127,4852.35,
CAISO_BTM_Li_Battery,2020,0,99999,,
CAISO_BTM_Li_Battery,2021,0,99999,,
CAISO_BTM_Li_Battery,2022,0,99999,,
CAISO_BTM_Li_Battery,2023,0,99999,,
CAISO_BTM_Li_Battery,2024,0,99999,,
CAISO_BTM_Li_Battery,2026,0,99999,,
CAISO_BTM_Li_Battery,2030,0,99999,,
CAISO_BTM_Li_Battery,2045,0,99999,,
CAISO_New_Li_Battery_2,2020,0,4985.96755,,
CAISO_New_Li_Battery_2,2021,0,5037.150438,,
CAISO_New_Li_Battery_2,2022,0,5086.71578,,
CAISO_New_Li_Battery_2,2023,0,5118.770028,,
CAISO_New_Li_Battery_2,2024,0,5143.569095,,
CAISO_New_Li_Battery_2,2026,0,5181.478465,,
CAISO_New_Li_Battery_2,2030,0,5222.177017,,
CAISO_New_Li_Battery_2,2045,0,6024.121029,,
CAISO_New_Li_Battery_3,2020,0,7465.928298,,
CAISO_New_Li_Battery_3,2021,0,7542.568943,,
CAISO_New_Li_Battery_3,2022,0,7616.787495,,
CAISO_New_Li_Battery_3,2023,0,7664.785142,,
CAISO_New_Li_Battery_3,2024,0,7701.91897,,
CAISO_New_Li_Battery_3,2026,0,7758.684009,,
CAISO_New_Li_Battery_3,2030,0,7819.625534,,
CAISO_New_Li_Battery_3,2045,0,9020.446925,,
CAISO_New_Li_Battery_4,2020,0,4897.596872,,
CAISO_New_Li_Battery_4,2021,0,4947.872601,,
CAISO_New_Li_Battery_4,2022,0,4996.559453,,
CAISO_New_Li_Battery_4,2023,0,5028.045575,,
CAISO_New_Li_Battery_4,2024,0,5052.405107,,
CAISO_New_Li_Battery_4,2026,0,5089.642576,,
CAISO_New_Li_Battery_4,2030,0,5129.619791,,
CAISO_New_Li_Battery_4,2045,0,5917.350246,,
CAISO_New_Li_Battery_5,2020,0,,,
CAISO_New_Li_Battery_5,2021,0,,,
CAISO_New_Li_Battery_5,2022,0,,,
CAISO_New_Li_Battery_5,2023,0,,,
CAISO_New_Li_Battery_5,2024,0,,,
CAISO_New_Li_Battery_5,2026,0,,,
CAISO_New_Li_Battery_5,2030,0,,,
CAISO_New_Li_Battery_5,2045,0,,,
CAISO_New_Li_Battery_6,2020,0,,,
CAISO_New_Li_Battery_6,2021,0,,,
CAISO_New_Li_Battery_6,2022,0,,,
CAISO_New_Li_Battery_6,2023,0,,,
CAISO_New_Li_Battery_6,2024,0,,,
CAISO_New_Li_Battery_6,2026,0,,,
CAISO_New_Li_Battery_6,2030,0,,,
CAISO_New_Li_Battery_6,2045,0,,,
CAISO_Shed_DR_Tranche1,2020,0,0,,
CAISO_Shed_DR_Tranche1,2021,0,0,,
CAISO_Shed_DR_Tranche1,2022,0,0,,
CAISO_Shed_DR_Tranche1,2023,0,0,,
CAISO_Shed_DR_Tranche1,2024,0,0,,
CAISO_Shed_DR_Tranche1,2026,0,0,,
CAISO_Shed_DR_Tranche1,2030,0,0,,
CAISO_Shed_DR_Tranche1,2045,0,0,,
CAISO_Shed_DR_Tranche2,2020,0,0,,
CAISO_Shed_DR_Tranche2,2021,0,0,,
CAISO_Shed_DR_Tranche2,2022,0,0,,
CAISO_Shed_DR_Tranche2,2023,0,0,,
CAISO_Shed_DR_Tranche2,2024,0,0,,
CAISO_Shed_DR_Tranche2,2026,0,0,,
CAISO_Shed_DR_Tranche2,2030,0,0,,
CAISO_Shed_DR_Tranche2,2045,0,0,,
CAISO_Shed_DR_Tranche3,2020,0,0,,
CAISO_Shed_DR_Tranche3,2021,0,88.1408308,,
CAISO_Shed_DR_Tranche3,2022,0,176.2816616,,
CAISO_Shed_DR_Tranche3,2023,0,264.4224924,,
CAISO_Shed_DR_Tranche3,2024,0,352.5633232,,
CAISO_Shed_DR_Tranche3,2026,0,440.704154,,
CAISO_Shed_DR_Tranche3,2030,0,440.704154,,
CAISO_Shed_DR_Tranche3,2045,0,440.704154,,
CAISO_Shed_DR_Tranche4,2020,0,0,,
CAISO_Shed_DR_Tranche4,2021,0,134.1023236,,
CAISO_Shed_DR_Tranche4,2022,0,268.2046472,,
CAISO_Shed_DR_Tranche4,2023,0,402.3069708,,
CAISO_Shed_DR_Tranche4,2024,0,536.4092944,,
CAISO_Shed_DR_Tranche4,2026,0,670.511618,,
CAISO_Shed_DR_Tranche4,2030,0,670.511618,,
CAISO_Shed_DR_Tranche4,2045,0,670.511618,,
CAISO_Shed_DR_Tranche5,2020,0,0,,
CAISO_Shed_DR_Tranche5,2021,0,121.0135134,,
CAISO_Shed_DR_Tranche5,2022,0,242.0270268,,
CAISO_Shed_DR_Tranche5,2023,0,363.0405402,,
CAISO_Shed_DR_Tranche5,2024,0,484.0540536,,
CAISO_Shed_DR_Tranche5,2026,0,605.067567,,
CAISO_Shed_DR_Tranche5,2030,0,605.067567,,
CAISO_Shed_DR_Tranche5,2045,0,605.067567,,
CAISO_Shed_DR_Tranche6,2020,0,0,,
CAISO_Shed_DR_Tranche6,2021,0,88.1275852,,
CAISO_Shed_DR_Tranche6,2022,0,176.2551704,,
CAISO_Shed_DR_Tranche6,2023,0,264.3827556,,
CAISO_Shed_DR_Tranche6,2024,0,352.5103408,,
CAISO_Shed_DR_Tranche6,2026,0,440.637926,,
CAISO_Shed_DR_Tranche6,2030,0,440.637926,,
CAISO_Shed_DR_Tranche6,2045,0,440.637926,,
CAISO_Shed_DR_Tranche7,2020,0,0,,
CAISO_Shed_DR_Tranche7,2021,0,67.8062732,,
CAISO_Shed_DR_Tranche7,2022,0,135.6125464,,
CAISO_Shed_DR_Tranche7,2023,0,203.4188196,,
CAISO_Shed_DR_Tranche7,2024,0,271.2250928,,
CAISO_Shed_DR_Tranche7,2026,0,339.031366,,
CAISO_Shed_DR_Tranche7,2030,0,339.031366,,
CAISO_Shed_DR_Tranche7,2045,0,339.031366,,
CAISO_Shed_DR_Tranche8,2020,0,0,,
CAISO_Shed_DR_Tranche8,2021,0,50.074167,,
CAISO_Shed_DR_Tranche8,2022,0,100.148334,,
CAISO_Shed_DR_Tranche8,2023,0,150.222501,,
CAISO_Shed_DR_Tranche8,2024,0,200.296668,,
CAISO_Shed_DR_Tranche8,2026,0,250.370835,,
CAISO_Shed_DR_Tranche8,2030,0,250.370835,,
CAISO_Shed_DR_Tranche8,2045,0,250.370835,,